Date,Control Point,Arrival / Departure,Hong Kong Residents,Mainland Visitors,Other Visitors,Total
1/1/2023,China Ferry Terminal,Arrival,0,0,0,0
1/1/2023,China Ferry Terminal,Departure,0,0,0,0
2/1/2023,China Ferry Terminal,Arrival,0,0,0,0
2/1/2023,China Ferry Terminal,Departure,0,0,0,0
3/1/2023,China Ferry Terminal,Arrival,0,0,0,0
3/1/2023,China Ferry Terminal,Departure,0,0,0,0
4/1/2023,China Ferry Terminal,Arrival,0,0,0,0
4/1/2023,China Ferry Terminal,Departure,0,0,0,0
5/1/2023,China Ferry Terminal,Arrival,0,0,0,0
5/1/2023,China Ferry Terminal,Departure,0,0,0,0
6/1/2023,China Ferry Terminal,Arrival,0,0,0,0
6/1/2023,China Ferry Terminal,Departure,0,0,0,0
7/1/2023,China Ferry Terminal,Arrival,0,0,0,0
7/1/2023,China Ferry Terminal,Departure,0,0,0,0
8/1/2023,China Ferry Terminal,Arrival,29,12,1,42
8/1/2023,China Ferry Terminal,Departure,38,12,4,54
9/1/2023,China Ferry Terminal,Arrival,3,8,2,13
9/1/2023,China Ferry Terminal,Departure,23,15,1,39
10/1/2023,China Ferry Terminal,Arrival,6,5,4,15
10/1/2023,China Ferry Terminal,Departure,21,8,4,33
11/1/2023,China Ferry Terminal,Arrival,4,5,6,15
11/1/2023,China Ferry Terminal,Departure,35,13,3,51
12/1/2023,China Ferry Terminal,Arrival,26,51,4,81
12/1/2023,China Ferry Terminal,Departure,64,23,4,91
13-01-2023,China Ferry Terminal,Arrival,215,74,28,317
13-01-2023,China Ferry Terminal,Departure,174,63,8,245
14-01-2023,China Ferry Terminal,Arrival,204,100,23,327
14-01-2023,China Ferry Terminal,Departure,269,51,10,330
15-01-2023,China Ferry Terminal,Arrival,292,78,16,386
15-01-2023,China Ferry Terminal,Departure,272,75,12,359
16-01-2023,China Ferry Terminal,Arrival,232,91,28,351
16-01-2023,China Ferry Terminal,Departure,305,90,11,406
17-01-2023,China Ferry Terminal,Arrival,218,111,20,349
17-01-2023,China Ferry Terminal,Departure,390,89,17,496
18-01-2023,China Ferry Terminal,Arrival,239,113,15,367
18-01-2023,China Ferry Terminal,Departure,612,124,16,752
19-01-2023,China Ferry Terminal,Arrival,225,133,23,381
19-01-2023,China Ferry Terminal,Departure,1021,160,19,1200
20-01-2023,China Ferry Terminal,Arrival,188,204,23,415
20-01-2023,China Ferry Terminal,Departure,1430,158,33,1621
21-01-2023,China Ferry Terminal,Arrival,93,124,29,246
21-01-2023,China Ferry Terminal,Departure,1688,136,14,1838
22-01-2023,China Ferry Terminal,Arrival,114,190,10,314
22-01-2023,China Ferry Terminal,Departure,758,37,10,805
23-01-2023,China Ferry Terminal,Arrival,184,290,19,493
23-01-2023,China Ferry Terminal,Departure,679,82,13,774
24-01-2023,China Ferry Terminal,Arrival,500,285,13,798
24-01-2023,China Ferry Terminal,Departure,469,162,22,653
25-01-2023,China Ferry Terminal,Arrival,1132,449,30,1611
25-01-2023,China Ferry Terminal,Departure,370,242,28,640
26-01-2023,China Ferry Terminal,Arrival,784,314,14,1112
26-01-2023,China Ferry Terminal,Departure,406,327,27,760
27-01-2023,China Ferry Terminal,Arrival,709,227,28,964
27-01-2023,China Ferry Terminal,Departure,402,480,44,926
28-01-2023,China Ferry Terminal,Arrival,1005,212,17,1234
28-01-2023,China Ferry Terminal,Departure,416,473,38,927
29-01-2023,China Ferry Terminal,Arrival,1723,323,30,2076
29-01-2023,China Ferry Terminal,Departure,339,232,18,589
30-01-2023,China Ferry Terminal,Arrival,882,316,22,1220
30-01-2023,China Ferry Terminal,Departure,367,278,22,667
31-01-2023,China Ferry Terminal,Arrival,750,274,17,1041
31-01-2023,China Ferry Terminal,Departure,395,336,13,744
1/2/2023,China Ferry Terminal,Arrival,389,255,13,657
1/2/2023,China Ferry Terminal,Departure,364,197,11,572
2/2/2023,China Ferry Terminal,Arrival,340,186,19,545
2/2/2023,China Ferry Terminal,Departure,355,210,26,591
3/2/2023,China Ferry Terminal,Arrival,341,231,25,597
3/2/2023,China Ferry Terminal,Departure,470,281,22,773
4/2/2023,China Ferry Terminal,Arrival,283,202,10,495
4/2/2023,China Ferry Terminal,Departure,395,250,11,656
5/2/2023,China Ferry Terminal,Arrival,411,107,19,537
5/2/2023,China Ferry Terminal,Departure,209,210,32,451
6/2/2023,China Ferry Terminal,Arrival,537,252,16,805
6/2/2023,China Ferry Terminal,Departure,631,187,24,842
7/2/2023,China Ferry Terminal,Arrival,390,258,26,674
7/2/2023,China Ferry Terminal,Departure,510,191,22,723
8/2/2023,China Ferry Terminal,Arrival,419,278,23,720
8/2/2023,China Ferry Terminal,Departure,497,254,18,769
9/2/2023,China Ferry Terminal,Arrival,491,335,23,849
9/2/2023,China Ferry Terminal,Departure,610,253,32,895
10/2/2023,China Ferry Terminal,Arrival,556,404,26,986
10/2/2023,China Ferry Terminal,Departure,862,329,23,1214
11/2/2023,China Ferry Terminal,Arrival,473,356,35,864
11/2/2023,China Ferry Terminal,Departure,761,274,21,1056
12/2/2023,China Ferry Terminal,Arrival,949,316,22,1287
12/2/2023,China Ferry Terminal,Departure,481,390,41,912
13-02-2023,China Ferry Terminal,Arrival,597,389,19,1005
13-02-2023,China Ferry Terminal,Departure,646,284,26,956
14-02-2023,China Ferry Terminal,Arrival,481,308,15,804
14-02-2023,China Ferry Terminal,Departure,465,348,29,842
15-02-2023,China Ferry Terminal,Arrival,480,436,39,955
15-02-2023,China Ferry Terminal,Departure,562,323,40,925
16-02-2023,China Ferry Terminal,Arrival,521,455,23,999
16-02-2023,China Ferry Terminal,Departure,639,335,12,986
17-02-2023,China Ferry Terminal,Arrival,734,557,25,1316
17-02-2023,China Ferry Terminal,Departure,778,390,16,1184
18-02-2023,China Ferry Terminal,Arrival,485,704,47,1236
18-02-2023,China Ferry Terminal,Departure,896,400,26,1322
19-02-2023,China Ferry Terminal,Arrival,1048,493,27,1568
19-02-2023,China Ferry Terminal,Departure,505,544,39,1088
20-02-2023,China Ferry Terminal,Arrival,731,567,38,1336
20-02-2023,China Ferry Terminal,Departure,714,366,20,1100
21-02-2023,China Ferry Terminal,Arrival,543,599,29,1171
21-02-2023,China Ferry Terminal,Departure,613,354,21,988
22-02-2023,China Ferry Terminal,Arrival,558,529,30,1117
22-02-2023,China Ferry Terminal,Departure,545,388,23,956
23-02-2023,China Ferry Terminal,Arrival,526,455,35,1016
23-02-2023,China Ferry Terminal,Departure,591,418,27,1036
24-02-2023,China Ferry Terminal,Arrival,750,547,37,1334
24-02-2023,China Ferry Terminal,Departure,957,442,25,1424
25-02-2023,China Ferry Terminal,Arrival,582,670,35,1287
25-02-2023,China Ferry Terminal,Departure,899,338,26,1263
26-02-2023,China Ferry Terminal,Arrival,1139,420,36,1595
26-02-2023,China Ferry Terminal,Departure,502,531,40,1073
27-02-2023,China Ferry Terminal,Arrival,672,414,28,1114
27-02-2023,China Ferry Terminal,Departure,713,373,45,1131
28-02-2023,China Ferry Terminal,Arrival,592,453,28,1073
28-02-2023,China Ferry Terminal,Departure,623,341,34,998
1/3/2023,China Ferry Terminal,Arrival,546,402,38,986
1/3/2023,China Ferry Terminal,Departure,603,341,31,975
2/3/2023,China Ferry Terminal,Arrival,573,417,26,1016
2/3/2023,China Ferry Terminal,Departure,621,307,18,946
3/3/2023,China Ferry Terminal,Arrival,751,544,53,1348
3/3/2023,China Ferry Terminal,Departure,1041,421,35,1497
4/3/2023,China Ferry Terminal,Arrival,552,693,69,1314
4/3/2023,China Ferry Terminal,Departure,962,326,34,1322
5/3/2023,China Ferry Terminal,Arrival,1191,545,19,1755
5/3/2023,China Ferry Terminal,Departure,505,562,57,1124
6/3/2023,China Ferry Terminal,Arrival,627,484,26,1137
6/3/2023,China Ferry Terminal,Departure,679,379,33,1091
7/3/2023,China Ferry Terminal,Arrival,482,421,44,947
7/3/2023,China Ferry Terminal,Departure,583,382,34,999
8/3/2023,China Ferry Terminal,Arrival,509,401,37,947
8/3/2023,China Ferry Terminal,Departure,550,384,37,971
9/3/2023,China Ferry Terminal,Arrival,574,486,53,1113
9/3/2023,China Ferry Terminal,Departure,647,405,36,1088
10/3/2023,China Ferry Terminal,Arrival,707,572,63,1342
10/3/2023,China Ferry Terminal,Departure,974,394,29,1397
11/3/2023,China Ferry Terminal,Arrival,473,803,49,1325
11/3/2023,China Ferry Terminal,Departure,845,398,41,1284
12/3/2023,China Ferry Terminal,Arrival,1238,469,21,1728
12/3/2023,China Ferry Terminal,Departure,507,723,38,1268
13-03-2023,China Ferry Terminal,Arrival,698,507,28,1233
13-03-2023,China Ferry Terminal,Departure,683,351,35,1069
14-03-2023,China Ferry Terminal,Arrival,570,430,52,1052
14-03-2023,China Ferry Terminal,Departure,549,400,31,980
15-03-2023,China Ferry Terminal,Arrival,527,495,45,1067
15-03-2023,China Ferry Terminal,Departure,628,368,35,1031
16-03-2023,China Ferry Terminal,Arrival,536,456,53,1045
16-03-2023,China Ferry Terminal,Departure,650,390,38,1078
17-03-2023,China Ferry Terminal,Arrival,695,631,47,1373
17-03-2023,China Ferry Terminal,Departure,943,505,32,1480
18-03-2023,China Ferry Terminal,Arrival,599,868,76,1543
18-03-2023,China Ferry Terminal,Departure,870,409,35,1314
19-03-2023,China Ferry Terminal,Arrival,1178,635,47,1860
19-03-2023,China Ferry Terminal,Departure,457,700,74,1231
20-03-2023,China Ferry Terminal,Arrival,694,473,30,1197
20-03-2023,China Ferry Terminal,Departure,710,490,39,1239
21-03-2023,China Ferry Terminal,Arrival,519,494,49,1062
21-03-2023,China Ferry Terminal,Departure,548,353,22,923
22-03-2023,China Ferry Terminal,Arrival,436,481,36,953
22-03-2023,China Ferry Terminal,Departure,476,353,38,867
23-03-2023,China Ferry Terminal,Arrival,534,555,30,1119
23-03-2023,China Ferry Terminal,Departure,515,400,27,942
24-03-2023,China Ferry Terminal,Arrival,597,811,67,1475
24-03-2023,China Ferry Terminal,Departure,851,439,23,1313
25-03-2023,China Ferry Terminal,Arrival,509,853,67,1429
25-03-2023,China Ferry Terminal,Departure,646,519,29,1194
26-03-2023,China Ferry Terminal,Arrival,1099,422,41,1562
26-03-2023,China Ferry Terminal,Departure,426,733,44,1203
27-03-2023,China Ferry Terminal,Arrival,531,364,34,929
27-03-2023,China Ferry Terminal,Departure,635,376,45,1056
28-03-2023,China Ferry Terminal,Arrival,454,325,35,814
28-03-2023,China Ferry Terminal,Departure,497,345,34,876
29-03-2023,China Ferry Terminal,Arrival,493,397,50,940
29-03-2023,China Ferry Terminal,Departure,605,323,42,970
30-03-2023,China Ferry Terminal,Arrival,531,591,32,1154
30-03-2023,China Ferry Terminal,Departure,616,491,32,1139
31-03-2023,China Ferry Terminal,Arrival,731,659,57,1447
31-03-2023,China Ferry Terminal,Departure,896,546,29,1471
1/4/2023,China Ferry Terminal,Arrival,456,962,78,1496
1/4/2023,China Ferry Terminal,Departure,1518,529,32,2079
2/4/2023,China Ferry Terminal,Arrival,727,467,47,1241
2/4/2023,China Ferry Terminal,Departure,901,766,57,1724
3/4/2023,China Ferry Terminal,Arrival,499,353,58,910
3/4/2023,China Ferry Terminal,Departure,1118,453,59,1630
4/4/2023,China Ferry Terminal,Arrival,540,360,34,934
4/4/2023,China Ferry Terminal,Departure,2932,441,54,3427
5/4/2023,China Ferry Terminal,Arrival,888,492,53,1433
5/4/2023,China Ferry Terminal,Departure,2777,435,59,3271
6/4/2023,China Ferry Terminal,Arrival,1151,411,50,1612
6/4/2023,China Ferry Terminal,Departure,2776,394,53,3223
7/4/2023,China Ferry Terminal,Arrival,1097,432,43,1572
7/4/2023,China Ferry Terminal,Departure,4044,310,40,4394
8/4/2023,China Ferry Terminal,Arrival,1774,692,49,2515
8/4/2023,China Ferry Terminal,Departure,2295,403,43,2741
9/4/2023,China Ferry Terminal,Arrival,3635,334,34,4003
9/4/2023,China Ferry Terminal,Departure,1005,477,52,1534
10/4/2023,China Ferry Terminal,Arrival,4302,597,41,4940
10/4/2023,China Ferry Terminal,Departure,629,306,26,961
11/4/2023,China Ferry Terminal,Arrival,1715,1291,77,3083
11/4/2023,China Ferry Terminal,Departure,643,345,30,1018
12/4/2023,China Ferry Terminal,Arrival,1058,964,93,2115
12/4/2023,China Ferry Terminal,Departure,605,604,67,1276
13-04-2023,China Ferry Terminal,Arrival,835,980,81,1896
13-04-2023,China Ferry Terminal,Departure,662,804,76,1542
14-04-2023,China Ferry Terminal,Arrival,906,1092,80,2078
14-04-2023,China Ferry Terminal,Departure,1106,1011,131,2248
15-04-2023,China Ferry Terminal,Arrival,904,1196,62,2162
15-04-2023,China Ferry Terminal,Departure,1439,1079,113,2631
16-04-2023,China Ferry Terminal,Arrival,1871,866,48,2785
16-04-2023,China Ferry Terminal,Departure,682,890,103,1675
17-04-2023,China Ferry Terminal,Arrival,880,635,61,1576
17-04-2023,China Ferry Terminal,Departure,731,539,69,1339
18-04-2023,China Ferry Terminal,Arrival,679,726,103,1508
18-04-2023,China Ferry Terminal,Departure,651,526,65,1242
19-04-2023,China Ferry Terminal,Arrival,581,450,117,1148
19-04-2023,China Ferry Terminal,Departure,573,418,77,1068
20-04-2023,China Ferry Terminal,Arrival,593,496,100,1189
20-04-2023,China Ferry Terminal,Departure,536,457,34,1027
21-04-2023,China Ferry Terminal,Arrival,753,632,108,1493
21-04-2023,China Ferry Terminal,Departure,979,473,51,1503
22-04-2023,China Ferry Terminal,Arrival,695,775,93,1563
22-04-2023,China Ferry Terminal,Departure,1130,564,67,1761
23-04-2023,China Ferry Terminal,Arrival,1301,728,52,2081
23-04-2023,China Ferry Terminal,Departure,565,640,52,1257
24-04-2023,China Ferry Terminal,Arrival,750,555,73,1378
24-04-2023,China Ferry Terminal,Departure,780,421,65,1266
25-04-2023,China Ferry Terminal,Arrival,610,573,93,1276
25-04-2023,China Ferry Terminal,Departure,666,566,39,1271
26-04-2023,China Ferry Terminal,Arrival,685,637,91,1413
26-04-2023,China Ferry Terminal,Departure,559,469,34,1062
27-04-2023,China Ferry Terminal,Arrival,612,694,87,1393
27-04-2023,China Ferry Terminal,Departure,627,518,45,1190
28-04-2023,China Ferry Terminal,Arrival,816,1039,129,1984
28-04-2023,China Ferry Terminal,Departure,1334,515,55,1904
29-04-2023,China Ferry Terminal,Arrival,866,2557,142,3565
29-04-2023,China Ferry Terminal,Departure,2452,852,68,3372
30-04-2023,China Ferry Terminal,Arrival,1127,2001,98,3226
30-04-2023,China Ferry Terminal,Departure,1015,1076,93,2184
1/5/2023,China Ferry Terminal,Arrival,2692,1966,80,4738
1/5/2023,China Ferry Terminal,Departure,464,1573,65,2102
2/5/2023,China Ferry Terminal,Arrival,976,1637,82,2695
2/5/2023,China Ferry Terminal,Departure,650,2149,66,2865
3/5/2023,China Ferry Terminal,Arrival,553,585,60,1198
3/5/2023,China Ferry Terminal,Departure,792,2112,89,2993
4/5/2023,China Ferry Terminal,Arrival,503,513,40,1056
4/5/2023,China Ferry Terminal,Departure,557,506,36,1099
5/5/2023,China Ferry Terminal,Arrival,617,647,63,1327
5/5/2023,China Ferry Terminal,Departure,737,407,38,1182
6/5/2023,China Ferry Terminal,Arrival,525,776,69,1370
6/5/2023,China Ferry Terminal,Departure,742,494,49,1285
7/5/2023,China Ferry Terminal,Arrival,975,670,37,1682
7/5/2023,China Ferry Terminal,Departure,382,625,69,1076
8/5/2023,China Ferry Terminal,Arrival,534,470,45,1049
8/5/2023,China Ferry Terminal,Departure,757,508,61,1326
9/5/2023,China Ferry Terminal,Arrival,468,579,74,1121
9/5/2023,China Ferry Terminal,Departure,637,451,44,1132
10/5/2023,China Ferry Terminal,Arrival,553,811,65,1429
10/5/2023,China Ferry Terminal,Departure,557,422,54,1033
11/5/2023,China Ferry Terminal,Arrival,564,782,70,1416
11/5/2023,China Ferry Terminal,Departure,573,623,50,1246
12/5/2023,China Ferry Terminal,Arrival,715,662,89,1466
12/5/2023,China Ferry Terminal,Departure,973,620,42,1635
13-05-2023,China Ferry Terminal,Arrival,661,1484,71,2216
13-05-2023,China Ferry Terminal,Departure,759,485,33,1277
14-05-2023,China Ferry Terminal,Arrival,1113,795,61,1969
14-05-2023,China Ferry Terminal,Departure,526,1008,79,1613
15-05-2023,China Ferry Terminal,Arrival,584,826,59,1469
15-05-2023,China Ferry Terminal,Departure,781,703,53,1537
16-05-2023,China Ferry Terminal,Arrival,549,719,61,1329
16-05-2023,China Ferry Terminal,Departure,594,704,42,1340
17-05-2023,China Ferry Terminal,Arrival,503,587,46,1136
17-05-2023,China Ferry Terminal,Departure,599,605,64,1268
18-05-2023,China Ferry Terminal,Arrival,697,739,69,1505
18-05-2023,China Ferry Terminal,Departure,605,519,35,1159
19-05-2023,China Ferry Terminal,Arrival,700,820,81,1601
19-05-2023,China Ferry Terminal,Departure,868,700,47,1615
20-05-2023,China Ferry Terminal,Arrival,541,1046,75,1662
20-05-2023,China Ferry Terminal,Departure,769,746,36,1551
21-05-2023,China Ferry Terminal,Arrival,1000,565,59,1624
21-05-2023,China Ferry Terminal,Departure,462,977,83,1522
22-05-2023,China Ferry Terminal,Arrival,568,522,40,1130
22-05-2023,China Ferry Terminal,Departure,693,495,56,1244
23-05-2023,China Ferry Terminal,Arrival,445,535,63,1043
23-05-2023,China Ferry Terminal,Departure,666,413,63,1142
24-05-2023,China Ferry Terminal,Arrival,564,519,75,1158
24-05-2023,China Ferry Terminal,Departure,688,481,63,1232
25-05-2023,China Ferry Terminal,Arrival,657,547,56,1260
25-05-2023,China Ferry Terminal,Departure,1650,489,46,2185
26-05-2023,China Ferry Terminal,Arrival,689,445,70,1204
26-05-2023,China Ferry Terminal,Departure,2543,406,27,2976
27-05-2023,China Ferry Terminal,Arrival,968,944,82,1994
27-05-2023,China Ferry Terminal,Departure,651,473,21,1145
28-05-2023,China Ferry Terminal,Arrival,2738,479,44,3261
28-05-2023,China Ferry Terminal,Departure,442,736,58,1236
29-05-2023,China Ferry Terminal,Arrival,855,527,41,1423
29-05-2023,China Ferry Terminal,Departure,598,474,46,1118
30-05-2023,China Ferry Terminal,Arrival,574,418,56,1048
30-05-2023,China Ferry Terminal,Departure,615,377,43,1035
31-05-2023,China Ferry Terminal,Arrival,520,550,46,1116
31-05-2023,China Ferry Terminal,Departure,475,415,47,937
1/6/2023,China Ferry Terminal,Arrival,510,451,51,1012
1/6/2023,China Ferry Terminal,Departure,504,432,30,966
2/6/2023,China Ferry Terminal,Arrival,671,541,45,1257
2/6/2023,China Ferry Terminal,Departure,687,402,35,1124
3/6/2023,China Ferry Terminal,Arrival,478,707,40,1225
3/6/2023,China Ferry Terminal,Departure,687,443,54,1184
4/6/2023,China Ferry Terminal,Arrival,841,406,31,1278
4/6/2023,China Ferry Terminal,Departure,406,644,49,1099
5/6/2023,China Ferry Terminal,Arrival,509,502,47,1058
5/6/2023,China Ferry Terminal,Departure,626,332,54,1012
6/6/2023,China Ferry Terminal,Arrival,522,642,52,1216
6/6/2023,China Ferry Terminal,Departure,585,440,68,1093
7/6/2023,China Ferry Terminal,Arrival,518,613,37,1168
7/6/2023,China Ferry Terminal,Departure,590,465,58,1113
8/6/2023,China Ferry Terminal,Arrival,571,508,48,1127
8/6/2023,China Ferry Terminal,Departure,612,596,54,1262
9/6/2023,China Ferry Terminal,Arrival,702,620,83,1405
9/6/2023,China Ferry Terminal,Departure,929,503,45,1477
10/6/2023,China Ferry Terminal,Arrival,490,1067,62,1619
10/6/2023,China Ferry Terminal,Departure,805,436,46,1287
11/6/2023,China Ferry Terminal,Arrival,1106,569,35,1710
11/6/2023,China Ferry Terminal,Departure,486,882,64,1432
12/6/2023,China Ferry Terminal,Arrival,607,560,62,1229
12/6/2023,China Ferry Terminal,Departure,693,518,56,1267
13-06-2023,China Ferry Terminal,Arrival,478,506,63,1047
13-06-2023,China Ferry Terminal,Departure,556,382,49,987
14-06-2023,China Ferry Terminal,Arrival,581,562,73,1216
14-06-2023,China Ferry Terminal,Departure,543,489,51,1083
15-06-2023,China Ferry Terminal,Arrival,587,548,91,1226
15-06-2023,China Ferry Terminal,Departure,606,398,41,1045
16-06-2023,China Ferry Terminal,Arrival,677,619,82,1378
16-06-2023,China Ferry Terminal,Departure,911,494,49,1454
17-06-2023,China Ferry Terminal,Arrival,522,661,56,1239
17-06-2023,China Ferry Terminal,Departure,757,370,42,1169
18-06-2023,China Ferry Terminal,Arrival,1016,471,37,1524
18-06-2023,China Ferry Terminal,Departure,532,713,54,1299
19-06-2023,China Ferry Terminal,Arrival,601,530,59,1190
19-06-2023,China Ferry Terminal,Departure,758,510,41,1309
20-06-2023,China Ferry Terminal,Arrival,589,546,42,1177
20-06-2023,China Ferry Terminal,Departure,703,463,55,1221
21-06-2023,China Ferry Terminal,Arrival,799,675,59,1533
21-06-2023,China Ferry Terminal,Departure,1032,507,52,1591
22-06-2023,China Ferry Terminal,Arrival,625,1493,103,2221
22-06-2023,China Ferry Terminal,Departure,1101,533,60,1694
23-06-2023,China Ferry Terminal,Arrival,576,1050,68,1694
23-06-2023,China Ferry Terminal,Departure,822,824,53,1699
24-06-2023,China Ferry Terminal,Arrival,751,491,53,1295
24-06-2023,China Ferry Terminal,Departure,1006,1009,57,2072
25-06-2023,China Ferry Terminal,Arrival,1753,515,40,2308
25-06-2023,China Ferry Terminal,Departure,489,561,48,1098
26-06-2023,China Ferry Terminal,Arrival,852,676,83,1611
26-06-2023,China Ferry Terminal,Departure,794,537,71,1402
27-06-2023,China Ferry Terminal,Arrival,686,536,47,1269
27-06-2023,China Ferry Terminal,Departure,616,463,47,1126
28-06-2023,China Ferry Terminal,Arrival,488,581,54,1123
28-06-2023,China Ferry Terminal,Departure,589,475,52,1116
29-06-2023,China Ferry Terminal,Arrival,605,620,49,1274
29-06-2023,China Ferry Terminal,Departure,575,633,39,1247
30-06-2023,China Ferry Terminal,Arrival,897,704,68,1669
30-06-2023,China Ferry Terminal,Departure,1377,548,41,1966
1/7/2023,China Ferry Terminal,Arrival,549,894,56,1499
1/7/2023,China Ferry Terminal,Departure,1493,484,41,2018
2/7/2023,China Ferry Terminal,Arrival,2062,705,44,2811
2/7/2023,China Ferry Terminal,Departure,375,669,37,1081
3/7/2023,China Ferry Terminal,Arrival,702,691,52,1445
3/7/2023,China Ferry Terminal,Departure,731,525,52,1308
4/7/2023,China Ferry Terminal,Arrival,749,628,50,1427
4/7/2023,China Ferry Terminal,Departure,725,539,47,1311
5/7/2023,China Ferry Terminal,Arrival,556,654,70,1280
5/7/2023,China Ferry Terminal,Departure,571,619,73,1263
6/7/2023,China Ferry Terminal,Arrival,660,595,67,1322
6/7/2023,China Ferry Terminal,Departure,604,620,54,1278
7/7/2023,China Ferry Terminal,Arrival,869,581,74,1524
7/7/2023,China Ferry Terminal,Departure,861,536,61,1458
8/7/2023,China Ferry Terminal,Arrival,509,1257,60,1826
8/7/2023,China Ferry Terminal,Departure,945,804,40,1789
9/7/2023,China Ferry Terminal,Arrival,1200,958,40,2198
9/7/2023,China Ferry Terminal,Departure,565,897,55,1517
10/7/2023,China Ferry Terminal,Arrival,745,934,81,1760
10/7/2023,China Ferry Terminal,Departure,736,630,77,1443
11/7/2023,China Ferry Terminal,Arrival,633,890,73,1596
11/7/2023,China Ferry Terminal,Departure,627,714,56,1397
12/7/2023,China Ferry Terminal,Arrival,584,711,64,1359
12/7/2023,China Ferry Terminal,Departure,642,731,64,1437
13-07-2023,China Ferry Terminal,Arrival,607,833,52,1492
13-07-2023,China Ferry Terminal,Departure,846,729,54,1629
14-07-2023,China Ferry Terminal,Arrival,807,865,89,1761
14-07-2023,China Ferry Terminal,Departure,1235,832,46,2113
15-07-2023,China Ferry Terminal,Arrival,709,1225,76,2010
15-07-2023,China Ferry Terminal,Departure,1198,774,44,2016
16-07-2023,China Ferry Terminal,Arrival,844,563,45,1452
16-07-2023,China Ferry Terminal,Departure,433,806,34,1273
17-07-2023,China Ferry Terminal,Arrival,0,0,0,0
17-07-2023,China Ferry Terminal,Departure,0,0,0,0
18-07-2023,China Ferry Terminal,Arrival,595,371,23,989
18-07-2023,China Ferry Terminal,Departure,679,407,54,1140
19-07-2023,China Ferry Terminal,Arrival,594,773,43,1410
19-07-2023,China Ferry Terminal,Departure,762,566,31,1359
20-07-2023,China Ferry Terminal,Arrival,640,851,64,1555
20-07-2023,China Ferry Terminal,Departure,778,695,62,1535
21-07-2023,China Ferry Terminal,Arrival,701,953,77,1731
21-07-2023,China Ferry Terminal,Departure,1134,781,60,1975
22-07-2023,China Ferry Terminal,Arrival,543,1659,78,2280
22-07-2023,China Ferry Terminal,Departure,1178,1045,51,2274
23-07-2023,China Ferry Terminal,Arrival,1217,1183,69,2469
23-07-2023,China Ferry Terminal,Departure,527,1228,61,1816
24-07-2023,China Ferry Terminal,Arrival,768,1016,46,1830
24-07-2023,China Ferry Terminal,Departure,766,854,52,1672
25-07-2023,China Ferry Terminal,Arrival,668,975,53,1696
25-07-2023,China Ferry Terminal,Departure,728,774,47,1549
26-07-2023,China Ferry Terminal,Arrival,658,933,54,1645
26-07-2023,China Ferry Terminal,Departure,640,892,82,1614
27-07-2023,China Ferry Terminal,Arrival,540,782,57,1379
27-07-2023,China Ferry Terminal,Departure,567,700,48,1315
28-07-2023,China Ferry Terminal,Arrival,568,747,79,1394
28-07-2023,China Ferry Terminal,Departure,927,802,30,1759
29-07-2023,China Ferry Terminal,Arrival,490,1244,48,1782
29-07-2023,China Ferry Terminal,Departure,1099,805,22,1926
30-07-2023,China Ferry Terminal,Arrival,1270,1022,66,2358
30-07-2023,China Ferry Terminal,Departure,535,1112,66,1713
31-07-2023,China Ferry Terminal,Arrival,795,943,64,1802
31-07-2023,China Ferry Terminal,Departure,762,832,62,1656
1/8/2023,China Ferry Terminal,Arrival,736,1017,48,1801
1/8/2023,China Ferry Terminal,Departure,718,844,40,1602
2/8/2023,China Ferry Terminal,Arrival,598,930,43,1571
2/8/2023,China Ferry Terminal,Departure,766,840,40,1646
3/8/2023,China Ferry Terminal,Arrival,733,1094,59,1886
3/8/2023,China Ferry Terminal,Departure,789,916,47,1752
4/8/2023,China Ferry Terminal,Arrival,799,1199,87,2085
4/8/2023,China Ferry Terminal,Departure,1255,993,47,2295
5/8/2023,China Ferry Terminal,Arrival,721,1885,56,2662
5/8/2023,China Ferry Terminal,Departure,1395,1093,59,2547
6/8/2023,China Ferry Terminal,Arrival,1654,1323,49,3026
6/8/2023,China Ferry Terminal,Departure,620,1429,69,2118
7/8/2023,China Ferry Terminal,Arrival,895,1144,53,2092
7/8/2023,China Ferry Terminal,Departure,842,1042,59,1943
8/8/2023,China Ferry Terminal,Arrival,796,1109,69,1974
8/8/2023,China Ferry Terminal,Departure,749,905,44,1698
9/8/2023,China Ferry Terminal,Arrival,702,1018,55,1775
9/8/2023,China Ferry Terminal,Departure,737,954,62,1753
10/8/2023,China Ferry Terminal,Arrival,687,1103,121,1911
10/8/2023,China Ferry Terminal,Departure,821,1065,61,1947
11/8/2023,China Ferry Terminal,Arrival,791,1158,95,2044
11/8/2023,China Ferry Terminal,Departure,1177,1185,65,2427
12/8/2023,China Ferry Terminal,Arrival,754,1972,86,2812
12/8/2023,China Ferry Terminal,Departure,1343,1287,69,2699
13-08-2023,China Ferry Terminal,Arrival,1803,1347,62,3212
13-08-2023,China Ferry Terminal,Departure,710,1511,53,2274
14-08-2023,China Ferry Terminal,Arrival,939,1239,62,2240
14-08-2023,China Ferry Terminal,Departure,824,1072,79,1975
15-08-2023,China Ferry Terminal,Arrival,798,1106,47,1951
15-08-2023,China Ferry Terminal,Departure,722,1017,46,1785
16-08-2023,China Ferry Terminal,Arrival,706,1208,71,1985
16-08-2023,China Ferry Terminal,Departure,709,1024,51,1784
17-08-2023,China Ferry Terminal,Arrival,693,1262,84,2039
17-08-2023,China Ferry Terminal,Departure,756,1099,51,1906
18-08-2023,China Ferry Terminal,Arrival,837,1274,86,2197
18-08-2023,China Ferry Terminal,Departure,1338,1227,81,2646
19-08-2023,China Ferry Terminal,Arrival,643,1711,53,2407
19-08-2023,China Ferry Terminal,Departure,1183,1212,57,2452
20-08-2023,China Ferry Terminal,Arrival,1727,1422,62,3211
20-08-2023,China Ferry Terminal,Departure,662,1601,75,2338
21-08-2023,China Ferry Terminal,Arrival,883,1209,70,2162
21-08-2023,China Ferry Terminal,Departure,848,1009,63,1920
22-08-2023,China Ferry Terminal,Arrival,719,1046,60,1825
22-08-2023,China Ferry Terminal,Departure,728,1035,69,1832
23-08-2023,China Ferry Terminal,Arrival,691,1107,78,1876
23-08-2023,China Ferry Terminal,Departure,662,1031,92,1785
24-08-2023,China Ferry Terminal,Arrival,728,1109,76,1913
24-08-2023,China Ferry Terminal,Departure,761,1011,69,1841
25-08-2023,China Ferry Terminal,Arrival,856,1342,85,2283
25-08-2023,China Ferry Terminal,Departure,1381,1161,56,2598
26-08-2023,China Ferry Terminal,Arrival,772,1725,63,2560
26-08-2023,China Ferry Terminal,Departure,1250,1326,56,2632
27-08-2023,China Ferry Terminal,Arrival,1664,1118,43,2825
27-08-2023,China Ferry Terminal,Departure,617,1433,71,2121
28-08-2023,China Ferry Terminal,Arrival,931,935,61,1927
28-08-2023,China Ferry Terminal,Departure,752,1002,68,1822
29-08-2023,China Ferry Terminal,Arrival,686,667,80,1433
29-08-2023,China Ferry Terminal,Departure,531,816,40,1387
30-08-2023,China Ferry Terminal,Arrival,719,513,57,1289
30-08-2023,China Ferry Terminal,Departure,558,709,64,1331
31-08-2023,China Ferry Terminal,Arrival,243,283,42,568
31-08-2023,China Ferry Terminal,Departure,372,243,28,643
1/9/2023,China Ferry Terminal,Arrival,0,0,0,0
1/9/2023,China Ferry Terminal,Departure,0,0,0,0
2/9/2023,China Ferry Terminal,Arrival,0,0,0,0
2/9/2023,China Ferry Terminal,Departure,0,0,0,0
3/9/2023,China Ferry Terminal,Arrival,536,222,18,776
3/9/2023,China Ferry Terminal,Departure,270,172,25,467
4/9/2023,China Ferry Terminal,Arrival,467,496,40,1003
4/9/2023,China Ferry Terminal,Departure,499,326,67,892
5/9/2023,China Ferry Terminal,Arrival,448,493,32,973
5/9/2023,China Ferry Terminal,Departure,582,373,54,1009
6/9/2023,China Ferry Terminal,Arrival,486,487,67,1040
6/9/2023,China Ferry Terminal,Departure,570,397,37,1004
7/9/2023,China Ferry Terminal,Arrival,474,518,61,1053
7/9/2023,China Ferry Terminal,Departure,514,470,49,1033
8/9/2023,China Ferry Terminal,Arrival,638,394,44,1076
8/9/2023,China Ferry Terminal,Departure,808,376,55,1239
9/9/2023,China Ferry Terminal,Arrival,530,496,58,1084
9/9/2023,China Ferry Terminal,Departure,1036,365,47,1448
10/9/2023,China Ferry Terminal,Arrival,1189,336,52,1577
10/9/2023,China Ferry Terminal,Departure,389,557,61,1007
11/9/2023,China Ferry Terminal,Arrival,543,442,33,1018
11/9/2023,China Ferry Terminal,Departure,649,306,55,1010
12/9/2023,China Ferry Terminal,Arrival,439,417,43,899
12/9/2023,China Ferry Terminal,Departure,522,350,50,922
13-09-2023,China Ferry Terminal,Arrival,520,533,51,1104
13-09-2023,China Ferry Terminal,Departure,531,462,53,1046
14-09-2023,China Ferry Terminal,Arrival,495,454,52,1001
14-09-2023,China Ferry Terminal,Departure,508,424,37,969
15-09-2023,China Ferry Terminal,Arrival,663,559,73,1295
15-09-2023,China Ferry Terminal,Departure,1006,529,51,1586
16-09-2023,China Ferry Terminal,Arrival,548,791,67,1406
16-09-2023,China Ferry Terminal,Departure,1164,480,65,1709
17-09-2023,China Ferry Terminal,Arrival,1432,640,58,2130
17-09-2023,China Ferry Terminal,Departure,504,789,94,1387
18-09-2023,China Ferry Terminal,Arrival,639,454,47,1140
18-09-2023,China Ferry Terminal,Departure,708,363,76,1147
19-09-2023,China Ferry Terminal,Arrival,524,552,77,1153
19-09-2023,China Ferry Terminal,Departure,670,451,69,1190
20-09-2023,China Ferry Terminal,Arrival,582,500,64,1146
20-09-2023,China Ferry Terminal,Departure,619,444,62,1125
21-09-2023,China Ferry Terminal,Arrival,701,599,90,1390
21-09-2023,China Ferry Terminal,Departure,631,509,80,1220
22-09-2023,China Ferry Terminal,Arrival,752,710,99,1561
22-09-2023,China Ferry Terminal,Departure,836,549,66,1451
23-09-2023,China Ferry Terminal,Arrival,637,928,80,1645
23-09-2023,China Ferry Terminal,Departure,1293,605,54,1952
24-09-2023,China Ferry Terminal,Arrival,1371,581,63,2015
24-09-2023,China Ferry Terminal,Departure,501,851,79,1431
25-09-2023,China Ferry Terminal,Arrival,646,571,80,1297
25-09-2023,China Ferry Terminal,Departure,830,387,64,1281
26-09-2023,China Ferry Terminal,Arrival,530,524,61,1115
26-09-2023,China Ferry Terminal,Departure,735,594,54,1383
27-09-2023,China Ferry Terminal,Arrival,682,481,62,1225
27-09-2023,China Ferry Terminal,Departure,822,501,36,1359
28-09-2023,China Ferry Terminal,Arrival,923,555,85,1563
28-09-2023,China Ferry Terminal,Departure,1369,484,56,1909
29-09-2023,China Ferry Terminal,Arrival,646,1552,74,2272
29-09-2023,China Ferry Terminal,Departure,3924,515,54,4493
30-09-2023,China Ferry Terminal,Arrival,741,2329,87,3157
30-09-2023,China Ferry Terminal,Departure,4050,859,34,4943
1/10/2023,China Ferry Terminal,Arrival,1787,2403,59,4249
1/10/2023,China Ferry Terminal,Departure,919,1155,43,2117
2/10/2023,China Ferry Terminal,Arrival,4528,1854,76,6458
2/10/2023,China Ferry Terminal,Departure,544,1822,47,2413
3/10/2023,China Ferry Terminal,Arrival,1701,2340,120,4161
3/10/2023,China Ferry Terminal,Departure,668,1873,65,2606
4/10/2023,China Ferry Terminal,Arrival,755,1649,66,2470
4/10/2023,China Ferry Terminal,Departure,746,1877,74,2697
5/10/2023,China Ferry Terminal,Arrival,819,928,81,1828
5/10/2023,China Ferry Terminal,Departure,734,2015,97,2846
6/10/2023,China Ferry Terminal,Arrival,472,441,40,953
6/10/2023,China Ferry Terminal,Departure,756,993,67,1816
7/10/2023,China Ferry Terminal,Arrival,0,0,0,0
7/10/2023,China Ferry Terminal,Departure,0,0,0,0
8/10/2023,China Ferry Terminal,Arrival,0,0,0,0
8/10/2023,China Ferry Terminal,Departure,0,0,0,0
9/10/2023,China Ferry Terminal,Arrival,345,98,13,456
9/10/2023,China Ferry Terminal,Departure,145,67,20,232
10/10/2023,China Ferry Terminal,Arrival,559,441,66,1066
10/10/2023,China Ferry Terminal,Departure,618,279,73,970
11/10/2023,China Ferry Terminal,Arrival,520,475,60,1055
11/10/2023,China Ferry Terminal,Departure,670,349,73,1092
12/10/2023,China Ferry Terminal,Arrival,545,660,70,1275
12/10/2023,China Ferry Terminal,Departure,667,478,75,1220
13-10-2023,China Ferry Terminal,Arrival,774,701,80,1555
13-10-2023,China Ferry Terminal,Departure,1001,575,79,1655
14-10-2023,China Ferry Terminal,Arrival,582,894,82,1558
14-10-2023,China Ferry Terminal,Departure,1063,654,172,1889
15-10-2023,China Ferry Terminal,Arrival,1270,534,87,1891
15-10-2023,China Ferry Terminal,Departure,533,847,160,1540
16-10-2023,China Ferry Terminal,Arrival,682,537,72,1291
16-10-2023,China Ferry Terminal,Departure,814,616,134,1564
17-10-2023,China Ferry Terminal,Arrival,558,461,71,1090
17-10-2023,China Ferry Terminal,Departure,628,429,76,1133
18-10-2023,China Ferry Terminal,Arrival,599,440,99,1138
18-10-2023,China Ferry Terminal,Departure,599,368,55,1022
19-10-2023,China Ferry Terminal,Arrival,490,492,153,1135
19-10-2023,China Ferry Terminal,Departure,627,387,93,1107
20-10-2023,China Ferry Terminal,Arrival,621,505,132,1258
20-10-2023,China Ferry Terminal,Departure,1358,447,64,1869
21-10-2023,China Ferry Terminal,Arrival,539,787,87,1413
21-10-2023,China Ferry Terminal,Departure,2729,534,68,3331
22-10-2023,China Ferry Terminal,Arrival,961,540,69,1570
22-10-2023,China Ferry Terminal,Departure,1316,752,152,2220
23-10-2023,China Ferry Terminal,Arrival,3243,468,50,3761
23-10-2023,China Ferry Terminal,Departure,535,377,138,1050
24-10-2023,China Ferry Terminal,Arrival,959,617,74,1650
24-10-2023,China Ferry Terminal,Departure,713,429,75,1217
25-10-2023,China Ferry Terminal,Arrival,602,1119,139,1860
25-10-2023,China Ferry Terminal,Departure,554,436,54,1044
26-10-2023,China Ferry Terminal,Arrival,612,1755,361,2728
26-10-2023,China Ferry Terminal,Departure,580,512,68,1160
27-10-2023,China Ferry Terminal,Arrival,759,1425,307,2491
27-10-2023,China Ferry Terminal,Departure,921,1292,71,2284
28-10-2023,China Ferry Terminal,Arrival,613,1550,174,2337
28-10-2023,China Ferry Terminal,Departure,1021,1477,112,2610
29-10-2023,China Ferry Terminal,Arrival,1413,859,97,2369
29-10-2023,China Ferry Terminal,Departure,567,1473,239,2279
30-10-2023,China Ferry Terminal,Arrival,843,679,61,1583
30-10-2023,China Ferry Terminal,Departure,696,1832,367,2895
31-10-2023,China Ferry Terminal,Arrival,518,467,82,1067
31-10-2023,China Ferry Terminal,Departure,538,523,149,1210
1/11/2023,China Ferry Terminal,Arrival,516,515,75,1106
1/11/2023,China Ferry Terminal,Departure,614,440,58,1112
2/11/2023,China Ferry Terminal,Arrival,552,472,85,1109
2/11/2023,China Ferry Terminal,Departure,603,495,47,1145
3/11/2023,China Ferry Terminal,Arrival,688,587,133,1408
3/11/2023,China Ferry Terminal,Departure,1087,477,46,1610
4/11/2023,China Ferry Terminal,Arrival,548,980,111,1639
4/11/2023,China Ferry Terminal,Departure,1120,591,47,1758
5/11/2023,China Ferry Terminal,Arrival,1491,564,86,2141
5/11/2023,China Ferry Terminal,Departure,451,792,73,1316
6/11/2023,China Ferry Terminal,Arrival,590,559,70,1219
6/11/2023,China Ferry Terminal,Departure,677,382,82,1141
7/11/2023,China Ferry Terminal,Arrival,502,607,90,1199
7/11/2023,China Ferry Terminal,Departure,556,435,68,1059
8/11/2023,China Ferry Terminal,Arrival,555,539,71,1165
8/11/2023,China Ferry Terminal,Departure,657,487,54,1198
9/11/2023,China Ferry Terminal,Arrival,594,542,67,1203
9/11/2023,China Ferry Terminal,Departure,664,471,58,1193
10/11/2023,China Ferry Terminal,Arrival,763,562,110,1435
10/11/2023,China Ferry Terminal,Departure,1111,537,55,1703
11/11/2023,China Ferry Terminal,Arrival,549,1022,101,1672
11/11/2023,China Ferry Terminal,Departure,1135,607,60,1802
12/11/2023,China Ferry Terminal,Arrival,1443,510,72,2025
12/11/2023,China Ferry Terminal,Departure,561,801,92,1454
13-11-2023,China Ferry Terminal,Arrival,704,597,58,1359
13-11-2023,China Ferry Terminal,Departure,739,481,89,1309
14-11-2023,China Ferry Terminal,Arrival,588,639,78,1305
14-11-2023,China Ferry Terminal,Departure,619,444,107,1170
15-11-2023,China Ferry Terminal,Arrival,536,631,64,1231
15-11-2023,China Ferry Terminal,Departure,726,593,70,1389
16-11-2023,China Ferry Terminal,Arrival,589,672,80,1341
16-11-2023,China Ferry Terminal,Departure,776,674,86,1536
17-11-2023,China Ferry Terminal,Arrival,761,769,126,1656
17-11-2023,China Ferry Terminal,Departure,1235,652,66,1953
18-11-2023,China Ferry Terminal,Arrival,689,1056,109,1854
18-11-2023,China Ferry Terminal,Departure,1427,626,51,2104
19-11-2023,China Ferry Terminal,Arrival,1842,627,104,2573
19-11-2023,China Ferry Terminal,Departure,572,1004,96,1672
20-11-2023,China Ferry Terminal,Arrival,844,677,66,1587
20-11-2023,China Ferry Terminal,Departure,780,541,80,1401
21-11-2023,China Ferry Terminal,Arrival,618,614,75,1307
21-11-2023,China Ferry Terminal,Departure,651,530,64,1245
22-11-2023,China Ferry Terminal,Arrival,628,549,57,1234
22-11-2023,China Ferry Terminal,Departure,770,561,67,1398
23-11-2023,China Ferry Terminal,Arrival,752,616,97,1465
23-11-2023,China Ferry Terminal,Departure,752,579,63,1394
24-11-2023,China Ferry Terminal,Arrival,832,675,104,1611
24-11-2023,China Ferry Terminal,Departure,1196,526,50,1772
25-11-2023,China Ferry Terminal,Arrival,745,992,124,1861
25-11-2023,China Ferry Terminal,Departure,1560,615,57,2232
26-11-2023,China Ferry Terminal,Arrival,1807,487,78,2372
26-11-2023,China Ferry Terminal,Departure,579,1072,113,1764
27-11-2023,China Ferry Terminal,Arrival,863,633,76,1572
27-11-2023,China Ferry Terminal,Departure,797,524,81,1402
28-11-2023,China Ferry Terminal,Arrival,530,523,53,1106
28-11-2023,China Ferry Terminal,Departure,641,549,47,1237
29-11-2023,China Ferry Terminal,Arrival,624,550,83,1257
29-11-2023,China Ferry Terminal,Departure,662,470,48,1180
30-11-2023,China Ferry Terminal,Arrival,734,543,83,1360
30-11-2023,China Ferry Terminal,Departure,679,502,42,1223
1/12/2023,China Ferry Terminal,Arrival,928,663,168,1759
1/12/2023,China Ferry Terminal,Departure,1417,580,147,2144
2/12/2023,China Ferry Terminal,Arrival,722,1081,189,1992
2/12/2023,China Ferry Terminal,Departure,1543,686,140,2369
3/12/2023,China Ferry Terminal,Arrival,1844,703,108,2655
3/12/2023,China Ferry Terminal,Departure,623,976,96,1695
4/12/2023,China Ferry Terminal,Arrival,928,601,150,1679
4/12/2023,China Ferry Terminal,Departure,753,569,82,1404
5/12/2023,China Ferry Terminal,Arrival,676,683,149,1508
5/12/2023,China Ferry Terminal,Departure,643,523,145,1311
6/12/2023,China Ferry Terminal,Arrival,567,607,178,1352
6/12/2023,China Ferry Terminal,Departure,660,572,116,1348
7/12/2023,China Ferry Terminal,Arrival,607,603,163,1373
7/12/2023,China Ferry Terminal,Departure,659,661,112,1432
8/12/2023,China Ferry Terminal,Arrival,976,764,168,1908
8/12/2023,China Ferry Terminal,Departure,1083,665,123,1871
9/12/2023,China Ferry Terminal,Arrival,670,1432,193,2295
9/12/2023,China Ferry Terminal,Departure,1305,734,161,2200
10/12/2023,China Ferry Terminal,Arrival,1356,741,209,2306
10/12/2023,China Ferry Terminal,Departure,773,1134,166,2073
11/12/2023,China Ferry Terminal,Arrival,1274,815,176,2265
11/12/2023,China Ferry Terminal,Departure,750,733,174,1657
12/12/2023,China Ferry Terminal,Arrival,647,724,126,1497
12/12/2023,China Ferry Terminal,Departure,834,775,135,1744
13-12-2023,China Ferry Terminal,Arrival,689,793,145,1627
13-12-2023,China Ferry Terminal,Departure,637,666,174,1477
14-12-2023,China Ferry Terminal,Arrival,813,779,190,1782
14-12-2023,China Ferry Terminal,Departure,720,785,143,1648
15-12-2023,China Ferry Terminal,Arrival,976,936,193,2105
15-12-2023,China Ferry Terminal,Departure,1253,795,140,2188
16-12-2023,China Ferry Terminal,Arrival,723,1029,184,1936
16-12-2023,China Ferry Terminal,Departure,1212,733,174,2119
17-12-2023,China Ferry Terminal,Arrival,1481,921,169,2571
17-12-2023,China Ferry Terminal,Departure,738,1298,229,2265
18-12-2023,China Ferry Terminal,Arrival,773,938,139,1850
18-12-2023,China Ferry Terminal,Departure,823,740,131,1694
19-12-2023,China Ferry Terminal,Arrival,714,760,180,1654
19-12-2023,China Ferry Terminal,Departure,749,749,172,1670
20-12-2023,China Ferry Terminal,Arrival,717,860,183,1760
20-12-2023,China Ferry Terminal,Departure,819,810,196,1825
21-12-2023,China Ferry Terminal,Arrival,662,835,169,1666
21-12-2023,China Ferry Terminal,Departure,1041,912,167,2120
22-12-2023,China Ferry Terminal,Arrival,738,669,181,1588
22-12-2023,China Ferry Terminal,Departure,2153,734,148,3035
23-12-2023,China Ferry Terminal,Arrival,604,1550,266,2420
23-12-2023,China Ferry Terminal,Departure,4106,871,229,5206
24-12-2023,China Ferry Terminal,Arrival,881,1054,208,2143
24-12-2023,China Ferry Terminal,Departure,3250,1415,223,4888
25-12-2023,China Ferry Terminal,Arrival,2634,783,131,3548
25-12-2023,China Ferry Terminal,Departure,1490,780,147,2417
26-12-2023,China Ferry Terminal,Arrival,4220,604,183,5007
26-12-2023,China Ferry Terminal,Departure,951,623,239,1813
27-12-2023,China Ferry Terminal,Arrival,1575,681,240,2496
27-12-2023,China Ferry Terminal,Departure,1077,753,283,2113
28-12-2023,China Ferry Terminal,Arrival,1137,700,332,2169
28-12-2023,China Ferry Terminal,Departure,1056,663,327,2046
29-12-2023,China Ferry Terminal,Arrival,1311,879,342,2532
29-12-2023,China Ferry Terminal,Departure,1294,786,277,2357
30-12-2023,China Ferry Terminal,Arrival,1338,1648,357,3343
30-12-2023,China Ferry Terminal,Departure,2097,1000,322,3419
31-12-2023,China Ferry Terminal,Arrival,1265,2139,213,3617
31-12-2023,China Ferry Terminal,Departure,946,1016,140,2102
,,,,,,
,,,,,,
,,,,,,
,,,,,,
,,,,,,
,,,,,,
,,,,,,
,,,,,,
,,,,,,
,,,,,,
,,,,,,
,,,,,,
,,,,,,
,,,,,,
,,,,,,
,,,,,,
,,,,,,
,,,,,,
,,,,,,
,,,,,,
,,,,,,
,,,,,,
,,,,,,
,,,,,,
,,,,,,
,,,,,,
,,,,,,
,,,,,,
,,,,,,
,,,,,,
,,,,,,
,,,,,,
,,,,,,
,,,,,,
,,,,,,
,,,,,,
,,,,,,
,,,,,,
,,,,,,
,,,,,,
,,,,,,
,,,,,,
,,,,,,
,,,,,,
,,,,,,
,,,,,,
,,,,,,
,,,,,,
,,,,,,
,,,,,,
,,,,,,
,,,,,,
,,,,,,
,,,,,,
,,,,,,
,,,,,,
,,,,,,
,,,,,,
,,,,,,
,,,,,,
,,,,,,
,,,,,,
,,,,,,
,,,,,,
,,,,,,
,,,,,,
,,,,,,
,,,,,,
,,,,,,
,,,,,,
,,,,,,
,,,,,,
,,,,,,
,,,,,,
,,,,,,
,,,,,,
,,,,,,
,,,,,,
,,,,,,
,,,,,,
,,,,,,
,,,,,,
,,,,,,
,,,,,,
,,,,,,
,,,,,,
,,,,,,
,,,,,,
,,,,,,
,,,,,,
,,,,,,
,,,,,,
,,,,,,
,,,,,,
,,,,,,
,,,,,,
,,,,,,
,,,,,,
,,,,,,
,,,,,,
,,,,,,
,,,,,,
,,,,,,
,,,,,,
,,,,,,
,,,,,,
,,,,,,
,,,,,,
,,,,,,
,,,,,,
,,,,,,
,,,,,,
,,,,,,
,,,,,,
,,,,,,
,,,,,,
,,,,,,
,,,,,,
,,,,,,
,,,,,,
,,,,,,
,,,,,,
,,,,,,
,,,,,,
,,,,,,
,,,,,,
,,,,,,
,,,,,,
,,,,,,
,,,,,,
,,,,,,
,,,,,,
,,,,,,
,,,,,,
,,,,,,
,,,,,,
,,,,,,
,,,,,,
,,,,,,
,,,,,,
,,,,,,
,,,,,,
,,,,,,
,,,,,,
,,,,,,
,,,,,,
,,,,,,
,,,,,,
,,,,,,
,,,,,,
,,,,,,
,,,,,,
,,,,,,
,,,,,,
,,,,,,
,,,,,,
,,,,,,
,,,,,,
,,,,,,
,,,,,,
,,,,,,
,,,,,,
,,,,,,
,,,,,,
,,,,,,
,,,,,,
,,,,,,
,,,,,,
,,,,,,
,,,,,,
,,,,,,
,,,,,,
,,,,,,
,,,,,,
,,,,,,
,,,,,,
,,,,,,
,,,,,,
,,,,,,
,,,,,,
,,,,,,
,,,,,,
,,,,,,
,,,,,,
,,,,,,
,,,,,,
,,,,,,
,,,,,,
,,,,,,
,,,,,,
,,,,,,
,,,,,,
,,,,,,
,,,,,,
,,,,,,
,,,,,,
,,,,,,
,,,,,,
,,,,,,
,,,,,,
,,,,,,
,,,,,,
,,,,,,
,,,,,,
,,,,,,
,,,,,,
,,,,,,
,,,,,,
,,,,,,
,,,,,,
,,,,,,
,,,,,,
,,,,,,
,,,,,,
,,,,,,
,,,,,,
,,,,,,
,,,,,,
,,,,,,
,,,,,,
,,,,,,
,,,,,,
,,,,,,
,,,,,,
,,,,,,
,,,,,,
,,,,,,
,,,,,,
,,,,,,
,,,,,,
,,,,,,
,,,,,,
,,,,,,
,,,,,,
,,,,,,
,,,,,,
,,,,,,
,,,,,,
,,,,,,
,,,,,,
,,,,,,
,,,,,,
,,,,,,
,,,,,,
,,,,,,
,,,,,,
,,,,,,
,,,,,,
,,,,,,
,,,,,,
,,,,,,
,,,,,,
,,,,,,
,,,,,,
,,,,,,
,,,,,,
,,,,,,
,,,,,,
,,,,,,
,,,,,,
,,,,,,
,,,,,,
,,,,,,
,,,,,,
,,,,,,
,,,,,,
,,,,,,
,,,,,,
,,,,,,
,,,,,,
,,,,,,
,,,,,,
,,,,,,
,,,,,,
,,,,,,
,,,,,,
,,,,,,
,,,,,,
,,,,,,
,,,,,,
,,,,,,
,,,,,,
,,,,,,
,,,,,,
,,,,,,
,,,,,,
,,,,,,
,,,,,,
,,,,,,
,,,,,,
,,,,,,
,,,,,,
,,,,,,
,,,,,,
,,,,,,
,,,,,,
,,,,,,
,,,,,,
,,,,,,
,,,,,,
,,,,,,
,,,,,,
,,,,,,
,,,,,,
,,,,,,
,,,,,,
,,,,,,
,,,,,,
,,,,,,
,,,,,,
,,,,,,
,,,,,,
,,,,,,
,,,,,,
,,,,,,
,,,,,,
,,,,,,
,,,,,,
,,,,,,
,,,,,,
,,,,,,
,,,,,,
,,,,,,
,,,,,,
,,,,,,
,,,,,,
,,,,,,
,,,,,,
,,,,,,
,,,,,,
,,,,,,
,,,,,,
,,,,,,
,,,,,,
,,,,,,
,,,,,,
,,,,,,
,,,,,,
,,,,,,
,,,,,,
,,,,,,
,,,,,,
,,,,,,
,,,,,,
,,,,,,
,,,,,,
,,,,,,
,,,,,,
,,,,,,
,,,,,,
,,,,,,
,,,,,,
,,,,,,
,,,,,,
,,,,,,
,,,,,,
,,,,,,
,,,,,,
,,,,,,
,,,,,,
,,,,,,
,,,,,,
,,,,,,
,,,,,,
,,,,,,
,,,,,,
,,,,,,
,,,,,,
,,,,,,
,,,,,,
,,,,,,
,,,,,,
,,,,,,
,,,,,,
,,,,,,
,,,,,,
,,,,,,
,,,,,,
,,,,,,
,,,,,,
,,,,,,
,,,,,,
,,,,,,
,,,,,,
,,,,,,
,,,,,,
,,,,,,
,,,,,,
,,,,,,
,,,,,,
,,,,,,
,,,,,,
,,,,,,
,,,,,,
,,,,,,
,,,,,,
,,,,,,
,,,,,,
,,,,,,
,,,,,,
,,,,,,
,,,,,,
,,,,,,
,,,,,,
,,,,,,
,,,,,,
,,,,,,
,,,,,,
,,,,,,
,,,,,,
,,,,,,
,,,,,,
,,,,,,
,,,,,,
,,,,,,
,,,,,,
,,,,,,
,,,,,,
,,,,,,
,,,,,,
,,,,,,
,,,,,,
,,,,,,
,,,,,,
,,,,,,
,,,,,,
,,,,,,
,,,,,,
,,,,,,
,,,,,,
,,,,,,
,,,,,,
,,,,,,
,,,,,,
,,,,,,
,,,,,,
,,,,,,
,,,,,,
,,,,,,
,,,,,,
,,,,,,
,,,,,,
,,,,,,
,,,,,,
,,,,,,
,,,,,,
,,,,,,
,,,,,,
,,,,,,
,,,,,,
,,,,,,
,,,,,,
,,,,,,
,,,,,,
,,,,,,
,,,,,,
,,,,,,
,,,,,,
,,,,,,
,,,,,,
,,,,,,
,,,,,,
,,,,,,
,,,,,,
,,,,,,
,,,,,,
,,,,,,
,,,,,,
,,,,,,
,,,,,,
,,,,,,
,,,,,,
,,,,,,
,,,,,,
,,,,,,
,,,,,,
,,,,,,
,,,,,,
,,,,,,
,,,,,,
,,,,,,
,,,,,,
,,,,,,
,,,,,,
,,,,,,
,,,,,,
,,,,,,
,,,,,,
,,,,,,
,,,,,,
,,,,,,
,,,,,,
,,,,,,
,,,,,,
,,,,,,
,,,,,,
,,,,,,
,,,,,,
,,,,,,
,,,,,,
,,,,,,
,,,,,,
,,,,,,
,,,,,,
,,,,,,
,,,,,,
,,,,,,
,,,,,,
,,,,,,
,,,,,,
,,,,,,
,,,,,,
,,,,,,
,,,,,,
,,,,,,
,,,,,,
,,,,,,
,,,,,,
,,,,,,
,,,,,,
,,,,,,
,,,,,,
,,,,,,
,,,,,,
,,,,,,
,,,,,,
,,,,,,
,,,,,,
,,,,,,
,,,,,,
,,,,,,
,,,,,,
,,,,,,
,,,,,,
,,,,,,
,,,,,,
,,,,,,
,,,,,,
,,,,,,
,,,,,,
,,,,,,
,,,,,,
,,,,,,
,,,,,,
,,,,,,
,,,,,,
,,,,,,
,,,,,,
,,,,,,
,,,,,,
,,,,,,
,,,,,,
,,,,,,
,,,,,,
,,,,,,
,,,,,,
,,,,,,
,,,,,,
,,,,,,
,,,,,,
,,,,,,
,,,,,,
,,,,,,
,,,,,,
,,,,,,
,,,,,,
,,,,,,
,,,,,,
,,,,,,
,,,,,,
,,,,,,
,,,,,,
,,,,,,
,,,,,,
,,,,,,
,,,,,,
,,,,,,
,,,,,,
,,,,,,
,,,,,,
,,,,,,
,,,,,,
,,,,,,
,,,,,,
,,,,,,
,,,,,,
,,,,,,
,,,,,,
,,,,,,
,,,,,,
,,,,,,
,,,,,,
,,,,,,
,,,,,,
,,,,,,
,,,,,,
,,,,,,
,,,,,,
,,,,,,
,,,,,,
,,,,,,
,,,,,,
,,,,,,
,,,,,,
,,,,,,
,,,,,,
,,,,,,
,,,,,,
,,,,,,
,,,,,,
,,,,,,
,,,,,,
,,,,,,
,,,,,,
,,,,,,
,,,,,,
,,,,,,
,,,,,,
,,,,,,
,,,,,,
,,,,,,
,,,,,,
,,,,,,
,,,,,,
,,,,,,
,,,,,,
,,,,,,
,,,,,,
,,,,,,
,,,,,,
,,,,,,
,,,,,,
,,,,,,
,,,,,,
,,,,,,
,,,,,,
,,,,,,
,,,,,,
,,,,,,
,,,,,,
,,,,,,
,,,,,,
,,,,,,
,,,,,,
,,,,,,
,,,,,,
,,,,,,
,,,,,,
,,,,,,
,,,,,,
,,,,,,
,,,,,,
,,,,,,
,,,,,,
,,,,,,
,,,,,,
,,,,,,
,,,,,,
,,,,,,
,,,,,,
,,,,,,
,,,,,,
,,,,,,
,,,,,,
,,,,,,
,,,,,,
,,,,,,
,,,,,,
,,,,,,
,,,,,,
,,,,,,
,,,,,,
,,,,,,
,,,,,,
,,,,,,
,,,,,,
,,,,,,
,,,,,,
,,,,,,
,,,,,,
,,,,,,
,,,,,,
,,,,,,
,,,,,,
,,,,,,
,,,,,,
,,,,,,
,,,,,,
,,,,,,
,,,,,,
,,,,,,
,,,,,,
,,,,,,
,,,,,,
,,,,,,
,,,,,,
,,,,,,
,,,,,,
,,,,,,
,,,,,,
,,,,,,
,,,,,,
,,,,,,
,,,,,,
,,,,,,
,,,,,,
,,,,,,
,,,,,,
,,,,,,
,,,,,,
,,,,,,
,,,,,,
,,,,,,
,,,,,,
,,,,,,
,,,,,,
,,,,,,
,,,,,,
,,,,,,
,,,,,,
,,,,,,
,,,,,,
,,,,,,
,,,,,,
,,,,,,
,,,,,,
,,,,,,
,,,,,,
,,,,,,
,,,,,,
,,,,,,
,,,,,,
